"                                         car";"area";"uf";"mun";"modulo_fiscal";"tipo_imovel";"situacao";"condicao                                          "
" TO-1715002-26C0B5FF2CED46BF9891E989B87AF362";"43.5172";"TO";"Nova Rosalândia";"0.5440";"IRU";"AT";"Aguardando análise"
" TO-1715002-7AFB9920DEB6433B8F970F697A7B90C5";"129.1363";"TO";"Nova Rosalândia";"1.6142";"IRU";"AT";"Aguardando análise"
" TO-1715002-039A2F6476AA4E06B00E2A9A4911AA40";"28.6797";"TO";"Nova Rosalândia";"0.3585";"IRU";"AT";"Aguardando análise"
" TO-1715002-23436C8813344DDBB51E4A50F8C34804";"62.1898";"TO";"Nova Rosalândia";"0.7774";"IRU";"AT";"Aguardando análise"
" TO-1715002-70492505E9D64B0F9295D44B29E05277";"24.2003";"TO";"Nova Rosalândia";"0.3025";"IRU";"AT";"Aguardando análise"
" TO-1715002-69B0015674EE49149513331E079FBD4A";"129.2209";"TO";"Nova Rosalândia";"1.6153";"IRU";"AT";"Aguardando análise"
" TO-1715002-50930A808C1143439D58DB850F292F7F";"15.4276";"TO";"Nova Rosalândia";"0.1928";"IRU";"AT";"Aguardando análise"
" TO-1715002-9DA952A787CE42189B8497AA9160A691";"496.5640";"TO";"Nova Rosalândia";"6.2070";"IRU";"AT";"Aguardando análise"
" TO-1715002-5CC2B1A0EF6F4477AD209A73FA049EAF";"69.1825";"TO";"Nova Rosalândia";"0.8648";"IRU";"AT";"Aguardando análise"
" TO-1715002-51A925FB4630442ABA074D51B12FE4DF";"290.2224";"TO";"Nova Rosalândia";"3.6278";"IRU";"AT";"Aguardando analise"
" TO-1715002-995DD53B2B024B5FA807ACB404ACB168";"660.9657";"TO";"Nova Rosalândia";"8.2621";"IRU";"AT";"Aguardando analise"
" TO-1715002-FAF19D071C7B48E69EFA522313A5C9F8";"28.1810";"TO";"Nova Rosalândia";"0.3523";"IRU";"AT";"Aguardando análise"
" TO-1715002-C681ADC0A42845E196FE7D74B173CD75";"0.9264";"TO";"Nova Rosalândia";"0.0116";"IRU";"AT";"Aguardando analise"
" TO-1715002-1B097A291B814E8E95C05B441353F68A";"0.2468";"TO";"Nova Rosalândia";"0.0031";"IRU";"AT";"Aguardando analise"
" TO-1715002-19D6CED7556D45C1B17181483423FB84";"0.0449";"TO";"Nova Rosalândia";"0.0006";"IRU";"AT";"Aguardando analise"
" TO-1715002-C329909F674F47458DF3F97979D47CDC";"0.0945";"TO";"Nova Rosalândia";"0.0012";"IRU";"AT";"Aguardando analise"
" TO-1715002-C8CEFC8E970C4BE2A0D073EDC70FF071";"0.3209";"TO";"Nova Rosalândia";"0.0040";"IRU";"AT";"Aguardando analise"
" TO-1715002-200CCD41A7684150955BD6AA1B2AC099";"0.0945";"TO";"Nova Rosalândia";"0.0012";"IRU";"AT";"Aguardando analise"
" TO-1715002-7E268E72818245F88861C66B1B1986B8";"44.1902";"TO";"Nova Rosalândia";"0.5524";"IRU";"AT";"Aguardando analise"
" TO-1715002-ADA74DAFC9D14F5094F57E8112A8F074";"9.5663";"TO";"Nova Rosalândia";"0.1196";"IRU";"AT";"Aguardando analise"
" TO-1715002-E73C44DF164E4ED8ADC9D642FAD820EA";"1.9005";"TO";"Nova Rosalândia";"0.0238";"IRU";"AT";"Aguardando analise"
" TO-1715002-EAD7F9D449F449B98F7440628D7942F1";"3.5925";"TO";"Nova Rosalândia";"0.0449";"IRU";"AT";"Aguardando analise"
" TO-1715002-61546FB63A9F45EFB2614E8365669C1E";"217.7362";"TO";"Nova Rosalândia";"2.7217";"IRU";"AT";"Aguardando analise"
" TO-1715002-E8C0276C08164C99A82FD97BDD941522";"23.9685";"TO";"Nova Rosalândia";"0.2996";"IRU";"AT";"Aguardando analise"
" TO-1715002-B84A47EE1FA6422996D4FC159CF20176";"10.7363";"TO";"Nova Rosalândia";"0.1342";"IRU";"AT";"Aguardando analise"
" TO-1715002-739CC7DBC35345A8AC84F180DEB4CE51";"33.8117";"TO";"Nova Rosalândia";"0.4227";"IRU";"AT";"Aguardando analise"
" TO-1715002-9DB249E5DB874707A5E7581BDB296488";"45.0133";"TO";"Nova Rosalândia";"0.5627";"IRU";"AT";"Aguardando analise"
" TO-1715002-A064A30DC6C5497ABD46C0681E1CEC5F";"530.2723";"TO";"Nova Rosalândia";"6.6284";"IRU";"AT";"Aguardando analise"
" TO-1715002-7EC9E7E4F6694059B9A88208540634DA";"13.2451";"TO";"Nova Rosalândia";"0.1656";"IRU";"AT";"Aguardando analise"
" TO-1715002-F65337E9982E4D639B297A0A50748E16";"19.3881";"TO";"Nova Rosalândia";"0.2424";"IRU";"AT";"Aguardando análise"
" TO-1715002-748BE5B5AFB24B5BBBCF5BF935859117";"403.2299";"TO";"Nova Rosalândia";"5.0404";"IRU";"AT";"Aguardando analise"
" TO-1715002-5F809848EB744FD8BCA1A38F42A180A3";"103.4308";"TO";"Nova Rosalândia";"1.2929";"IRU";"AT";"Aguardando analise"
" TO-1715002-A567807C574240EA880FE834E284CEA2";"24.9997";"TO";"Nova Rosalândia";"0.3125";"IRU";"AT";"Aguardando analise"
" TO-1715002-955168C2543A42E68E0F94161E868D72";"114.6600";"TO";"Nova Rosalândia";"1.4333";"IRU";"CA";"CANCELADO_POR_DECISAO_ADMINISTRATIVA"
" TO-1715002-013E4B2800C148C48FF36459402825EC";"838.9873";"TO";"Nova Rosalândia";"10.4874";"IRU";"AT";"Aguardando analise"
" TO-1715002-895B6E379CD34F0F96DE76C1C76536DC";"563.2476";"TO";"Nova Rosalândia";"7.0406";"IRU";"CA";"CANCELADO_POR_DECISAO_ADMINISTRATIVA"
" TO-1715002-F0F853AF19A940D591F1309F66B25DD4";"75.2328";"TO";"Nova Rosalândia";"0.9404";"IRU";"AT";"Aguardando analise"
" TO-1715002-CB7F662398EB4CBA8E5011D9B39726BE";"187.5356";"TO";"Nova Rosalândia";"2.3442";"IRU";"AT";"Aguardando analise"
" TO-1715002-00460275599F453A808E3B17D3C00CA5";"4.8919";"TO";"Nova Rosalândia";"0.0611";"IRU";"AT";"Aguardando analise"
" TO-1715002-1451FDFA4F2149F0AB6FE53DBD5B10BC";"3.3939";"TO";"Nova Rosalândia";"0.0424";"IRU";"AT";"Aguardando analise"
" TO-1715002-F9C8C576AB7845789FD3E0C083201CBE";"3.2444";"TO";"Nova Rosalândia";"0.0406";"IRU";"AT";"Aguardando analise"
" TO-1715002-D6F61FE330754F4F915D89B74FA48DDC";"191.1982";"TO";"Nova Rosalândia";"2.3900";"IRU";"AT";"Aguardando analise"
" TO-1715002-7E6193C61AA3407BA0FBF1D7936B36D8";"11.8855";"TO";"Nova Rosalândia";"0.1486";"IRU";"AT";"Aguardando analise"
" TO-1715002-4E44FA3A09E84B8F87025166303FA12E";"0.0410";"TO";"Nova Rosalândia";"0.0005";"IRU";"AT";"Aguardando analise"
" TO-1715002-7CD9E89C65454218BAFD8FC1184D6469";"48.9898";"TO";"Nova Rosalândia";"0.6124";"IRU";"AT";"Aguardando analise"
" TO-1715002-8FE40C71126A438FA70297E62D5F7615";"7.1131";"TO";"Nova Rosalândia";"0.0889";"IRU";"AT";"Aguardando analise"
" TO-1715002-6B7601176A7E4A21AA2C2C6B6FD5B8E5";"188.4763";"TO";"Nova Rosalândia";"2.3560";"IRU";"AT";"Aguardando analise"
" TO-1715002-9F8A9394FE6F49688864D58A31D0722E";"878.4437";"TO";"Nova Rosalândia";"10.9805";"IRU";"AT";"Aguardando analise"
" TO-1715002-E99EBDC85C3D4F6CA9F11DA07C95A8D3";"3.4510";"TO";"Nova Rosalândia";"0.0431";"IRU";"AT";"Aguardando analise"
" TO-1715002-81E2BCD052B64D77BDE8AECB5D4F862A";"100.0131";"TO";"Nova Rosalândia";"1.2502";"IRU";"AT";"Aguardando analise"
" TO-1715002-17381A0FDDFB4CFAAE2BDC49E8A32C8F";"2.3710";"TO";"Nova Rosalândia";"0.0296";"IRU";"AT";"Aguardando analise"
" TO-1715002-7082732BBD0F4EA88E558EB283B57E50";"29.6489";"TO";"Nova Rosalândia";"0.3706";"IRU";"CA";"CANCELADO_POR_DECISAO_ADMINISTRATIVA"
" TO-1715002-75C6C6E4EB864CEFA66749ED57E2DF1E";"69.8937";"TO";"Nova Rosalândia";"0.8737";"IRU";"AT";"Aguardando analise"
" TO-1715002-1647D7917FB54107AB2E0095B33A2267";"272.6946";"TO";"Nova Rosalândia";"3.4087";"IRU";"AT";"Aguardando analise"
" TO-1715002-0AE1695369DB47EA9117148AE2EB9FF9";"280.6413";"TO";"Nova Rosalândia";"3.5080";"IRU";"AT";"Aguardando analise"
" TO-1715002-2EF401EF67E9415DB43E24B29F5F6565";"22.5978";"TO";"Nova Rosalândia";"0.2825";"IRU";"AT";"Aguardando analise"
" TO-1715002-9357FD7B16B940C5B62E5AE5E02ACA6C";"0.0391";"TO";"Nova Rosalândia";"0.0005";"IRU";"AT";"Aguardando analise"
" TO-1715002-252DCD74962F4F73A4AFE25C7A9D26C2";"10.2370";"TO";"Nova Rosalândia";"0.1280";"IRU";"AT";"Aguardando analise"
" TO-1715002-9BA07CD400404F0CA4EADB2C34317758";"167.8647";"TO";"Nova Rosalândia";"2.0983";"IRU";"AT";"Aguardando analise"
" TO-1715002-9ABAB1E915B94DD4B2DD5FA51F86AB68";"352.8822";"TO";"Nova Rosalândia";"4.4110";"IRU";"AT";"Aguardando analise"
" TO-1715002-422A5C44B3774F7596ED0CF9CC601ABE";"102.7254";"TO";"Nova Rosalândia";"1.2841";"IRU";"AT";"Aguardando analise"
" TO-1715002-40A59E386E164BDB92ACC676FE9B70F0";"42.8011";"TO";"Nova Rosalândia";"0.5350";"IRU";"AT";"Aguardando analise"
" TO-1715002-213F5422DB70430D8614CF0737BEEE0F";"2.9212";"TO";"Nova Rosalândia";"0.0365";"IRU";"AT";"Aguardando análise"
" TO-1715002-56B39531BA214D6BAEF2578CEE27307F";"0.1709";"TO";"Nova Rosalândia";"0.0021";"IRU";"AT";"Aguardando analise"
" TO-1715002-8E9E3FADE1584CB2AC707E774E5EF726";"0.0730";"TO";"Nova Rosalândia";"0.0009";"IRU";"AT";"Aguardando analise"
" TO-1715002-EA549AF7C5A44950B47B20320BBD9E79";"0.0438";"TO";"Nova Rosalândia";"0.0005";"IRU";"AT";"Aguardando analise"
" TO-1715002-B557EFB77E3B44379D799BC38338BD72";"0.0426";"TO";"Nova Rosalândia";"0.0005";"IRU";"AT";"Aguardando analise"
" TO-1715002-F5038696B836416E85EC7173AA8483AE";"0.2200";"TO";"Nova Rosalândia";"0.0028";"IRU";"AT";"Aguardando analise"
" TO-1715002-BEF0793985C2406C94D76E59B0F25843";"0.0426";"TO";"Nova Rosalândia";"0.0005";"IRU";"AT";"Aguardando analise"
" TO-1715002-7FD89131ABA34E348B124E447D356099";"19.3922";"TO";"Nova Rosalândia";"0.2424";"IRU";"CA";"CANCELADO_POR_DECISAO_ADMINISTRATIVA"
" TO-1715002-FF16A9974BDD481984896A70CE7BD8AE";"76.8092";"TO";"Nova Rosalândia";"0.9601";"IRU";"AT";"Aguardando análise"
" TO-1715002-7181E14927864D4ABAB16A4493CE3EAD";"38.7611";"TO";"Nova Rosalândia";"0.4845";"IRU";"AT";"Aguardando analise"
" TO-1715002-0554B2BD4B10465C8A8F28B0FEBAFC60";"86.9246";"TO";"Nova Rosalândia";"1.0866";"IRU";"AT";"Aguardando analise"
" TO-1715002-D37DDD843380464DA2E748864EB943B3";"52.3423";"TO";"Nova Rosalândia";"0.6543";"IRU";"AT";"Aguardando analise"
" TO-1715002-55067445C89D4AB5BC668AB52C0BB030";"5.7940";"TO";"Nova Rosalândia";"0.0724";"IRU";"AT";"Aguardando análise, não passível de revisão de dados"
" TO-1715002-6D58DF8C6C944961B61BBA24FD99DF18";"167.2320";"TO";"Nova Rosalândia";"2.0904";"IRU";"CA";"CANCELADO_POR_DECISAO_ADMINISTRATIVA"
" TO-1715002-EB520E42312F43ED8082C1D47357406A";"1395.6687";"TO";"Nova Rosalândia";"17.4459";"IRU";"AT";"Aguardando analise"
" TO-1715002-F5CE270BBDF449428B5A6046B630DA22";"0.0374";"TO";"Nova Rosalândia";"0.0005";"IRU";"AT";"Aguardando analise"
" TO-1715002-15FB1E1B678943C793D6457A81FDDADA";"65.8587";"TO";"Nova Rosalândia";"0.8232";"IRU";"AT";"Aguardando analise"
" TO-1715002-D2FB5718A8B34B159BF52B851793687D";"71.2650";"TO";"Nova Rosalândia";"0.8908";"IRU";"AT";"Aguardando analise"
" TO-1715002-08795BED666949E090304AE5B1D9C48B";"0.1079";"TO";"Nova Rosalândia";"0.0013";"IRU";"AT";"Aguardando analise"
" TO-1715002-DF9F15B641634009985ADED243F0AB52";"0.0902";"TO";"Nova Rosalândia";"0.0011";"IRU";"AT";"Aguardando analise"
" TO-1715002-F74B8A28A03345089E4D3D997259A03C";"58.0951";"TO";"Nova Rosalândia";"0.7262";"IRU";"AT";"Aguardando analise"
" TO-1715002-B4B695E1938E482EA0D546B0C37B761C";"5.7975";"TO";"Nova Rosalândia";"0.0725";"IRU";"AT";"Aguardando análise, não passível de revisão de dados"
" TO-1715002-CF59240E194B419F869C0822C5DB5BAB";"38.6642";"TO";"Nova Rosalândia";"0.4833";"IRU";"AT";"Aguardando analise"
" TO-1715002-B1F33D8074F74B83938C67E4A108646C";"6.4441";"TO";"Nova Rosalândia";"0.0806";"IRU";"AT";"Aguardando analise"
" TO-1715002-169FA4EC5CF44DAFA65D348227B945A0";"6.3147";"TO";"Nova Rosalândia";"0.0789";"IRU";"AT";"Aguardando analise"
" TO-1715002-7279B6935852443AAE75F442AC448444";"4.0635";"TO";"Nova Rosalândia";"0.0508";"IRU";"AT";"Aguardando analise"
" TO-1715002-A993B2492C994626BC297AE3FFDB028D";"119.5094";"TO";"Nova Rosalândia";"1.4939";"IRU";"AT";"Aguardando analise"
" TO-1715002-D615B9753A48415DB180A64DC1743975";"19.6465";"TO";"Nova Rosalândia";"0.2456";"IRU";"AT";"Aguardando analise"
" TO-1715002-E5926ABEEA4241F69299DBDD450C1A50";"4.8815";"TO";"Nova Rosalândia";"0.0610";"IRU";"AT";"Aguardando analise"
" TO-1715002-D29DDE2F283649D7BB2A48E7944EC2F9";"87.1701";"TO";"Nova Rosalândia";"1.0896";"IRU";"AT";"Aguardando analise"
" TO-1715002-FAA497A1E7A24CEB91C15EC298BD9FB0";"6.9580";"TO";"Nova Rosalândia";"0.0870";"IRU";"AT";"Aguardando analise"
" TO-1715002-D47D8C1734C440378D3C56EC840047A3";"9.8831";"TO";"Nova Rosalândia";"0.1235";"IRU";"AT";"Aguardando analise"
" TO-1715002-B44344AEEB224ACCA2561A77FF403604";"186.3947";"TO";"Nova Rosalândia";"2.3299";"IRU";"AT";"Aguardando analise"
" TO-1715002-E88DCF3F40AC4BCE9DE1B3794D3DC745";"46.5200";"TO";"Nova Rosalândia";"0.5815";"IRU";"AT";"Aguardando analise"
" TO-1715002-0BE575512A3845569108293CDBE040B3";"5.3096";"TO";"Nova Rosalândia";"0.0664";"IRU";"AT";"Aguardando analise"
" TO-1715002-D8F832548FA24DF28EBD000B57D37ABB";"13.6779";"TO";"Nova Rosalândia";"0.1710";"IRU";"AT";"Aguardando analise"
" TO-1715002-821F585CBB484A5591D42EE137E88C13";"12.8736";"TO";"Nova Rosalândia";"0.1609";"IRU";"AT";"Aguardando analise"
" TO-1715002-7B5B1F48995B4292A7A120DF5D254DD2";"9.9789";"TO";"Nova Rosalândia";"0.1247";"IRU";"AT";"Aguardando analise"
" TO-1715002-6FE2D7AE384A41E0958639A840B8E6B1";"69.5654";"TO";"Nova Rosalândia";"0.8696";"IRU";"AT";"Aguardando analise"
" TO-1715002-DEA4213FC3484B149D5EADF10C8A3E99";"11.0847";"TO";"Nova Rosalândia";"0.1386";"IRU";"AT";"Aguardando analise"
" TO-1715002-1C4F0B26BB0A45A78CAE15DF5F4711F3";"69.1603";"TO";"Nova Rosalândia";"0.8645";"IRU";"AT";"Aguardando analise"
" TO-1715002-45F873C1E0AE418A8997F9956D0EB6E2";"33.2344";"TO";"Nova Rosalândia";"0.4154";"IRU";"AT";"Aguardando analise"
" TO-1715002-BEA7318ED91447F1AE78D9E737B4DB16";"115.9953";"TO";"Nova Rosalândia";"1.4499";"IRU";"AT";"Aguardando analise"
" TO-1715002-049FC0C8FCF341E5BDB5DBB63447870A";"164.6479";"TO";"Nova Rosalândia";"2.0581";"IRU";"AT";"Aguardando analise"
" TO-1715002-41E47979A2F847348E6489DE1C4D5240";"24.1176";"TO";"Nova Rosalândia";"0.3015";"IRU";"AT";"Aguardando analise"
" TO-1715002-12FCC205180344E9AD5BE39FAE1C181E";"137.0272";"TO";"Nova Rosalândia";"1.7128";"IRU";"AT";"Aguardando analise"
" TO-1715002-F58C8E049F674A4F910855A9BEFA704F";"32.3554";"TO";"Nova Rosalândia";"0.4045";"IRU";"AT";"Aguardando análise"
" TO-1715002-3E1EF72DD20443119C6B4C85906F0AEF";"85.4256";"TO";"Nova Rosalândia";"1.0678";"IRU";"AT";"Aguardando analise"
" TO-1715002-B1DC63FCC3FF46DE8A994210D83FEFC4";"84.5472";"TO";"Nova Rosalândia";"1.0568";"IRU";"AT";"Aguardando analise"
" TO-1715002-FBBD68296F824CB6A2775C2AE276A572";"117.8729";"TO";"Nova Rosalândia";"1.4734";"IRU";"AT";"Aguardando analise"
" TO-1715002-E0DCA975C7024F0E8EDD6C6792F0669C";"412.9567";"TO";"Nova Rosalândia";"5.1620";"IRU";"AT";"Aguardando analise"
" TO-1715002-CDD12B2AE1204831A3D45F6F135FF0EB";"0.0597";"TO";"Nova Rosalândia";"0.0007";"IRU";"AT";"Aguardando analise"
" TO-1715002-FB0CDD0708E442719FCBDAD01B94297A";"13.4068";"TO";"Nova Rosalândia";"0.1676";"IRU";"AT";"Aguardando analise"
" TO-1715002-A94E4A7A74AE49DEAD98A93B57E8C32E";"247.7914";"TO";"Nova Rosalândia";"3.0974";"IRU";"AT";"Aguardando analise"
" TO-1715002-6D3CE1F9082E4042859262227EBC38B1";"93.6682";"TO";"Nova Rosalândia";"1.1709";"IRU";"CA";"CANCELADO_POR_DECISAO_ADMINISTRATIVA"
" TO-1715002-478CB9F08EB1446F89E3A33802823EF0";"14.6106";"TO";"Nova Rosalândia";"0.1826";"IRU";"AT";"Aguardando analise"
" TO-1715002-6FE03E1F2E204FDD8954E888C31EEC3F";"7.6382";"TO";"Nova Rosalândia";"0.0955";"IRU";"AT";"Aguardando analise"
" TO-1715002-DE928B60C1644195B9BDA6432024740E";"17.1342";"TO";"Nova Rosalândia";"0.2142";"IRU";"AT";"Aguardando analise"
" TO-1715002-CE9FB13C5EB24CD09B63A74CC8147E4F";"13.9983";"TO";"Nova Rosalândia";"0.1750";"IRU";"AT";"Aguardando analise"
" TO-1715002-F03B2F1C25ED4A31B85361E06238C62B";"5.9315";"TO";"Nova Rosalândia";"0.0741";"IRU";"AT";"Aguardando analise"
" TO-1715002-F924407BC00A4A7A83A5F522DD81559E";"74.1264";"TO";"Nova Rosalândia";"0.9266";"IRU";"AT";"Aguardando analise"
" TO-1715002-24A3A40DE1374FEF9BDCBC2110DAA80E";"158.4823";"TO";"Nova Rosalândia";"1.9810";"IRU";"AT";"Aguardando analise"
" TO-1715002-4A7069B80E47426681761924047A58DD";"36.1654";"TO";"Nova Rosalândia";"0.4521";"IRU";"AT";"Aguardando analise"
" TO-1715002-9D6E741E3815420EA7CD45EE75A2474C";"86.6631";"TO";"Nova Rosalândia";"1.0833";"IRU";"AT";"Aguardando analise"
" TO-1715002-060887BE3EF8411EA5E13ECB74B16B29";"0.0702";"TO";"Nova Rosalândia";"0.0009";"IRU";"AT";"Aguardando analise"
" TO-1715002-5121AF433F0E4A9EB33020B3E0F90159";"0.0543";"TO";"Nova Rosalândia";"0.0007";"IRU";"AT";"Aguardando analise"
" TO-1715002-F146AB522DB64B92B6C4DBFF7D94C9A7";"0.0488";"TO";"Nova Rosalândia";"0.0006";"IRU";"AT";"Aguardando analise"
" TO-1715002-E53A09ADC1064C86A7E66A2F57F17C79";"0.1352";"TO";"Nova Rosalândia";"0.0017";"IRU";"AT";"Aguardando analise"
" TO-1715002-C1597C580FD5436C99CC89115FF451D8";"0.1297";"TO";"Nova Rosalândia";"0.0016";"IRU";"AT";"Aguardando analise"
" TO-1715002-0DA1508ADB1648C48B7CC1A83BA3A873";"0.8009";"TO";"Nova Rosalândia";"0.0100";"IRU";"AT";"Aguardando analise"
" TO-1715002-2F514D516A94441CBEB41FBF2F8D4056";"0.0718";"TO";"Nova Rosalândia";"0.0009";"IRU";"AT";"Aguardando analise"
" TO-1715002-CDA3E974B6FE45E18B0AD05423EAB82C";"0.1063";"TO";"Nova Rosalândia";"0.0013";"IRU";"AT";"Aguardando analise"
" TO-1715002-2DF3B92EC4D04EBBAF2EB6C93FEBE935";"15.6327";"TO";"Nova Rosalândia";"0.1954";"IRU";"AT";"Aguardando analise"
" TO-1715002-11FCAFDDCD9F4F83991E86FD91F89074";"2.3172";"TO";"Nova Rosalândia";"0.0290";"IRU";"AT";"Aguardando analise"
" TO-1715002-F92D45D5AE3D496499C8C0B5D635D0EE";"1.5255";"TO";"Nova Rosalândia";"0.0191";"IRU";"AT";"Aguardando analise"
" TO-1715002-22C24E57A7CF4DB3AFE112177BA3EE2B";"0.1372";"TO";"Nova Rosalândia";"0.0017";"IRU";"AT";"Aguardando analise"
" TO-1715002-05DE562BDDF04D4FA68A6ED8299E27BD";"0.0513";"TO";"Nova Rosalândia";"0.0006";"IRU";"AT";"Aguardando analise"
" TO-1715002-BE1F74AD43B8462B8375591DF82EDAE4";"0.0364";"TO";"Nova Rosalândia";"0.0005";"IRU";"AT";"Aguardando analise"
" TO-1715002-FD9180FE823140BCA53A7240D0C18F13";"0.0543";"TO";"Nova Rosalândia";"0.0007";"IRU";"AT";"Aguardando analise"
" TO-1715002-D0C478C59F874D968B8D69C09FD60B02";"0.1143";"TO";"Nova Rosalândia";"0.0014";"IRU";"AT";"Aguardando analise"
" TO-1715002-671FC1FDF3A241AC954047BEEFF9ED0B";"0.0720";"TO";"Nova Rosalândia";"0.0009";"IRU";"AT";"Aguardando analise"
" TO-1715002-0BDBCA1ED5D5474D85D9391D8F12FA5F";"0.0941";"TO";"Nova Rosalândia";"0.0012";"IRU";"AT";"Aguardando analise"
" TO-1715002-D93C50D7327549D7A8DBE7661489AA74";"22.3314";"TO";"Nova Rosalândia";"0.2791";"IRU";"AT";"Aguardando analise"
" TO-1715002-696C85AE2F9A400CA5DBFFFD65153F4B";"0.0540";"TO";"Nova Rosalândia";"0.0007";"IRU";"AT";"Aguardando analise"
" TO-1715002-D6160844C74F427BA75BDDE621385677";"0.0546";"TO";"Nova Rosalândia";"0.0007";"IRU";"AT";"Aguardando analise"
" TO-1715002-16E79155F9D0429C92AAF930B4098344";"0.0813";"TO";"Nova Rosalândia";"0.0010";"IRU";"AT";"Aguardando analise"
" TO-1715002-AFDA877FF71A4535A834FEFF07BBD930";"0.2356";"TO";"Nova Rosalândia";"0.0029";"IRU";"AT";"Aguardando analise"
" TO-1715002-1D2667B1486E435BA4BE3CA57D70D233";"0.1020";"TO";"Nova Rosalândia";"0.0013";"IRU";"AT";"Aguardando analise"
" TO-1715002-ACC7D8A24734430591FB9809F69411C2";"0.1388";"TO";"Nova Rosalândia";"0.0017";"IRU";"AT";"Aguardando analise"
" TO-1715002-E3FD6910F3B64A6299C10235A55A0800";"0.0840";"TO";"Nova Rosalândia";"0.0011";"IRU";"AT";"Aguardando analise"
" TO-1715002-C2C546D768B74CFEAE1FA23CDDA37239";"0.0915";"TO";"Nova Rosalândia";"0.0011";"IRU";"AT";"Aguardando analise"
" TO-1715002-03DD2D2B5B3540A0A6E31259D37D3EDE";"0.0778";"TO";"Nova Rosalândia";"0.0010";"IRU";"AT";"Aguardando analise"
" TO-1715002-E1B0636922AC4FF3B8F2F3B6D0AE68EC";"0.0608";"TO";"Nova Rosalândia";"0.0008";"IRU";"AT";"Aguardando analise"
" TO-1715002-B3AA0ED8189744E38E28139A016BBB42";"0.1085";"TO";"Nova Rosalândia";"0.0014";"IRU";"AT";"Aguardando analise"
" TO-1715002-8468F409B7284CC0B970A79A7D70DF94";"0.0448";"TO";"Nova Rosalândia";"0.0006";"IRU";"AT";"Aguardando analise"
" TO-1715002-D3C28CD490D2414C83E80E8085B67365";"0.2328";"TO";"Nova Rosalândia";"0.0029";"IRU";"AT";"Aguardando analise"
" TO-1715002-1C90D5D0B13643D1B89C56653D4F9B22";"0.2267";"TO";"Nova Rosalândia";"0.0028";"IRU";"AT";"Aguardando analise"
" TO-1715002-6B9C6FA955764360B54E3BBFE467EA57";"0.1617";"TO";"Nova Rosalândia";"0.0020";"IRU";"AT";"Aguardando analise"
" TO-1715002-EF4DD444BAD8424288253CCCDE6F4396";"0.0659";"TO";"Nova Rosalândia";"0.0008";"IRU";"AT";"Aguardando analise"
" TO-1715002-5CFE61F159A64B3081B0C361DB1CAF24";"0.8945";"TO";"Nova Rosalândia";"0.0112";"IRU";"AT";"Aguardando analise"
" TO-1715002-ABFD8A3BF5EC443F91EB97D405837EC5";"0.1891";"TO";"Nova Rosalândia";"0.0024";"IRU";"AT";"Aguardando analise"
" TO-1715002-347AD7251D584B4C8158B855780850D2";"0.4757";"TO";"Nova Rosalândia";"0.0059";"IRU";"AT";"Aguardando analise"
" TO-1715002-8CD9944519224B9BB171B238A81C8AA7";"0.0445";"TO";"Nova Rosalândia";"0.0006";"IRU";"AT";"Aguardando analise"
" TO-1715002-5CBDC398151F4EAC8D8176B5F34892F2";"0.0605";"TO";"Nova Rosalândia";"0.0008";"IRU";"AT";"Aguardando analise"
" TO-1715002-BDE58EE43A4C44ECA2670D25801F258A";"0.0458";"TO";"Nova Rosalândia";"0.0006";"IRU";"AT";"Aguardando analise"
" TO-1715002-F7145F20E996409795E2BCFB12A46773";"0.0417";"TO";"Nova Rosalândia";"0.0005";"IRU";"AT";"Aguardando analise"
" TO-1715002-41E6388F5FF641F4AD67BB1D15C06D2C";"0.0662";"TO";"Nova Rosalândia";"0.0008";"IRU";"AT";"Aguardando analise"
" TO-1715002-46480ABE63824234A5B62ED1E949E157";"0.2655";"TO";"Nova Rosalândia";"0.0033";"IRU";"AT";"Aguardando analise"
" TO-1715002-DB28DE501068407C9648969342049B80";"999.3753";"TO";"Nova Rosalândia";"12.4922";"IRU";"AT";"Aguardando analise"
" TO-1715002-2BC480651F3745D582F783639D33294F";"0.0788";"TO";"Nova Rosalândia";"0.0010";"IRU";"AT";"Aguardando analise"
" TO-1715002-2C4BA4CEC4A746F586C0D83C376EDDDE";"0.0395";"TO";"Nova Rosalândia";"0.0005";"IRU";"AT";"Aguardando analise"
" TO-1715002-D73270EC59D941B0946D0C2441D4BD3D";"0.0429";"TO";"Nova Rosalândia";"0.0005";"IRU";"AT";"Aguardando analise"
" TO-1715002-45E6194C9E88461DBCF3943AD18AF8C9";"0.0486";"TO";"Nova Rosalândia";"0.0006";"IRU";"AT";"Aguardando analise"
" TO-1715002-0F1B32396A2042F39031C886E641AD9A";"153.2896";"TO";"Nova Rosalândia";"1.9161";"IRU";"AT";"Aguardando analise"
" TO-1715002-B24196F6808D4E2B9B9B7CE7609B2991";"0.1296";"TO";"Nova Rosalândia";"0.0016";"IRU";"AT";"Aguardando analise"
" TO-1715002-C7141E1AB7DE4C81BAB51D7DBBFB3CBD";"0.0541";"TO";"Nova Rosalândia";"0.0007";"IRU";"AT";"Aguardando analise"
" TO-1715002-748B86C09A4C4BF396C7CD0D900910B5";"0.0348";"TO";"Nova Rosalândia";"0.0004";"IRU";"AT";"Aguardando analise"
" TO-1715002-6376E628B5CA4AFF92F8790FF0762F66";"0.0709";"TO";"Nova Rosalândia";"0.0009";"IRU";"AT";"Aguardando analise"
" TO-1715002-5ADA7435C1D34D88A46419D1FD0A2FCA";"0.0415";"TO";"Nova Rosalândia";"0.0005";"IRU";"AT";"Aguardando analise"
" TO-1715002-837FB05D6ED34718B9C8C0B2FC54CA6E";"0.0393";"TO";"Nova Rosalândia";"0.0005";"IRU";"AT";"Aguardando analise"
" TO-1715002-8EE1316BA6984BA3AD8927BB6D045508";"0.0423";"TO";"Nova Rosalândia";"0.0005";"IRU";"AT";"Aguardando analise"
" TO-1715002-201A75BA4D5848838A871C6F57574697";"0.0410";"TO";"Nova Rosalândia";"0.0005";"IRU";"AT";"Aguardando analise"
" TO-1715002-501FA3E9A08444DF9C89497C5442FAAE";"0.0473";"TO";"Nova Rosalândia";"0.0006";"IRU";"AT";"Aguardando analise"
" TO-1715002-B0DE6717413A4FCBA9052D878F6C4C6E";"0.0516";"TO";"Nova Rosalândia";"0.0006";"IRU";"AT";"Aguardando analise"
" TO-1715002-C08EAEAF1E6246D78EA43F9948574273";"114.6600";"TO";"Nova Rosalândia";"1.4333";"IRU";"AT";"Aguardando analise"
" TO-1715002-0B81319ACF5843558754591361DC4736";"0.0397";"TO";"Nova Rosalândia";"0.0005";"IRU";"AT";"Aguardando analise"
" TO-1715002-94C95C9057D740DEB307010ACDFBBD2A";"167.2320";"TO";"Nova Rosalândia";"2.0904";"IRU";"AT";"Aguardando analise"
" TO-1715002-18E6693D93184DA3B13104F8B851C80F";"194.2310";"TO";"Nova Rosalândia";"2.4279";"IRU";"AT";"Aguardando analise"
" TO-1715002-0413ED6B15604882B6E9144344F8E5B2";"7.9172";"TO";"Nova Rosalândia";"0.0990";"IRU";"AT";"Aguardando analise"
" TO-1715002-F1412CD0D08D48F69A90AD4B8E941525";"60.1255";"TO";"Nova Rosalândia";"0.7516";"IRU";"AT";"Aguardando analise"
" TO-1715002-842EEA11FB634FD482365F578B7A95C1";"0.5417";"TO";"Nova Rosalândia";"0.0068";"IRU";"AT";"Aguardando analise"
" TO-1715002-04B0D03D2A954C059C4EBEA68BD72E70";"241.3130";"TO";"Nova Rosalândia";"3.0164";"IRU";"AT";"Aguardando analise"
" TO-1715002-D7EB758A5E054688A9BD1AE628FC9F31";"0.0703";"TO";"Nova Rosalândia";"0.0009";"IRU";"AT";"Aguardando analise"
" TO-1715002-B3D366AB5ED641BBAB80E6A67CA2E013";"23.8447";"TO";"Nova Rosalândia";"0.2981";"IRU";"AT";"Aguardando analise"
" TO-1715002-7624D09AEAA14B10AC320F0F0B1FF67C";"0.2281";"TO";"Nova Rosalândia";"0.0029";"IRU";"AT";"Aguardando analise"
" TO-1715002-062887E2EF8942D0956AC4E8A5DF0E3A";"158.8426";"TO";"Nova Rosalândia";"1.9856";"IRU";"AT";"Aguardando análise, não passível de revisão de dados"
" TO-1715002-637A391862C54241A56F3889BB4AE1BC";"49.4498";"TO";"Nova Rosalândia";"0.6181";"IRU";"AT";"Aguardando analise"
" TO-1715002-DA7DA771931D4CABB94FD779790FFE67";"21.9865";"TO";"Nova Rosalândia";"0.2748";"IRU";"AT";"Aguardando analise"
" TO-1715002-47FB6F408752491CBE624626BFBF7844";"192.7990";"TO";"Nova Rosalândia";"2.4100";"IRU";"AT";"Aguardando análise, não passível de revisão de dados"
" TO-1715002-B988306F69FD442692CF69732F9B0D11";"86.1132";"TO";"Nova Rosalândia";"1.0764";"IRU";"AT";"Aguardando análise, não passível de revisão de dados"
" TO-1715002-ECCCDA5B5B3B459B850B7E9C5BBD8440";"10.4659";"TO";"Nova Rosalândia";"0.1308";"IRU";"AT";"Aguardando analise"
" TO-1715002-B7D3DC2D4287432881DB36082B7E03B0";"24.7047";"TO";"Nova Rosalândia";"0.3088";"IRU";"AT";"Aguardando analise"
" TO-1715002-896D2CA1AF4E4533A891C749892F89A9";"72.6032";"TO";"Nova Rosalândia";"1.0627";"IRU";"AT";"Aguardando analise"
" TO-1715002-DB9B86A771CB44D6A98A7E3C30A95C63";"87.1201";"TO";"Nova Rosalândia";"1.0890";"IRU";"AT";"Aguardando analise"
" TO-1715002-CE6867BCFD654B79A1764AF902A1D875";"175.6450";"TO";"Nova Rosalândia";"2.1956";"IRU";"AT";"Aguardando análise, não passível de revisão de dados"
" TO-1715002-F5FE52CF0256489E9275F4A0C42ED248";"5.7177";"TO";"Nova Rosalândia";"0.0715";"IRU";"AT";"Aguardando analise"
" TO-1715002-4F01230C967C49269270E8D2ADDE81D7";"3.5558";"TO";"Nova Rosalândia";"0.0444";"IRU";"AT";"Aguardando analise"
" TO-1715002-6A8B4874814549AD827BC5F43AB8EC3B";"469.3834";"TO";"Nova Rosalândia";"5.8673";"IRU";"AT";"Aguardando analise"
" TO-1715002-607071CE400745D897B4140E213E6AFB";"44.4260";"TO";"Nova Rosalândia";"0.5553";"IRU";"AT";"Aguardando analise"
" TO-1715002-270D8866576149E89828865B338AC20D";"69.2472";"TO";"Nova Rosalândia";"0.8656";"IRU";"AT";"Aguardando análise, não passível de revisão de dados"
" TO-1715002-9A09CC8162E441CF9D482FB10976DDC2";"171.8965";"TO";"Nova Rosalândia";"2.1487";"IRU";"AT";"Aguardando análise, não passível de revisão de dados"
" TO-1715002-63CEB682776B4D54A9658709B6368D91";"297.9327";"TO";"Nova Rosalândia";"3.7242";"IRU";"AT";"Aguardando análise, não passível de revisão de dados"
" TO-1715002-3E0B7266D3DD40698F176175E6836C56";"54.0428";"TO";"Nova Rosalândia";"0.6756";"IRU";"AT";"Aguardando análise, não passível de revisão de dados"
" TO-1715002-8DEA51848E50428DAFF44135207F02CE";"15.3416";"TO";"Nova Rosalândia";"0.1918";"IRU";"AT";"Aguardando análise"
" TO-1715002-6FC6EFBFB9FC41F9B659BF443FE859B0";"13.3311";"TO";"Nova Rosalândia";"0.1666";"IRU";"AT";"Aguardando análise"
" TO-1715002-6246B3E0F9214C14A61C4E8DCD3BE851";"99.3158";"TO";"Nova Rosalândia";"1.2414";"IRU";"AT";"Aguardando análise"
" TO-1715002-ED9FEAAA1B124CD2B927A51CB1D442AF";"28.5211";"TO";"Nova Rosalândia";"0.3565";"IRU";"AT";"Aguardando análise"
" TO-1715002-43184E955BBF4EE0AA75268F18A58E2B";"38.4331";"TO";"Nova Rosalândia";"0.4804";"IRU";"AT";"Aguardando análise"
" TO-1715002-575A6688B700459B89A8B20869621566";"24.2107";"TO";"Nova Rosalândia";"0.3026";"IRU";"AT";"Aguardando análise"
" TO-1715002-2861846DC03644F2A61FFEB7FF32C081";"35.6829";"TO";"Nova Rosalândia";"0.4460";"IRU";"AT";"Aguardando análise"
" TO-1715002-535AA99704D845738B1C7335E9069F24";"16.0478";"TO";"Nova Rosalândia";"0.2006";"IRU";"AT";"Aguardando análise"
" TO-1715002-0B23166A193C4E8086D092785BE03FAF";"32.7169";"TO";"Nova Rosalândia";"0.4090";"IRU";"AT";"Aguardando análise"
" TO-1715002-4C4368EFBDCA45E4BD4C4938306024B6";"94.0283";"TO";"Nova Rosalândia";"1.1754";"IRU";"AT";"Aguardando análise"
" TO-1715002-AA294D731C354C8DAAD7AE9D65B63ECD";"42.9272";"TO";"Nova Rosalândia";"0.5366";"IRU";"AT";"Aguardando análise"
" TO-1715002-5E668D0A834B441497F0F0024C75C2A0";"80.6822";"TO";"Nova Rosalândia";"1.0085";"IRU";"AT";"Aguardando análise"
" TO-1715002-AF82CAF8D7AF4E62A42102FDADFD3F0A";"93.1629";"TO";"Nova Rosalândia";"1.1645";"IRU";"AT";"Aguardando análise"
" TO-1715002-CBF304684A3B4F28B58518CB18984414";"79.9457";"TO";"Nova Rosalândia";"0.9993";"IRU";"AT";"Aguardando análise"
" TO-1715002-C5FB3193D6C641C3B1811B3BADE85115";"0.3914";"TO";"Nova Rosalândia";"0.0049";"IRU";"AT";"Aguardando analise"
" TO-1715002-CB68152DD81440EF85AEC0C6C3314BE7";"4.8254";"TO";"Nova Rosalândia";"0.0603";"IRU";"AT";"Aguardando analise"
" TO-1715002-E1DD842A0DB14ACA8A455961EFAB1EFE";"0.0498";"TO";"Nova Rosalândia";"0.0006";"IRU";"AT";"Aguardando analise"
" TO-1715002-19852029C55E45AE91D4F86FFDA782FF";"0.0890";"TO";"Nova Rosalândia";"0.0011";"IRU";"AT";"Aguardando analise"
" TO-1715002-6161EF02EDC843BAADEAA722518AB776";"0.0977";"TO";"Nova Rosalândia";"0.0012";"IRU";"AT";"Aguardando analise"
" TO-1715002-9E860395A5B544189081E4DFA1FD050D";"22.2669";"TO";"Nova Rosalândia";"0.2783";"IRU";"AT";"Aguardando análise"
" TO-1715002-E6584EEC94EC4CCAA6845650B68C1338";"47.1156";"TO";"Nova Rosalândia";"0.5889";"IRU";"AT";"Aguardando análise"
" TO-1715002-26E75408C6D44641BC10C7A8B8B6619C";"18.0512";"TO";"Nova Rosalândia";"0.2256";"IRU";"AT";"Aguardando análise"
" TO-1715002-5B99E191218C45AB95D9115EC1342964";"195.2529";"TO";"Nova Rosalândia";"2.4407";"IRU";"AT";"Aguardando analise"
" TO-1715002-52313B84E7C640328ABEC13FBB29732D";"1.6366";"TO";"Nova Rosalândia";"0.0205";"IRU";"AT";"Aguardando analise"
" TO-1715002-F09FD8AE633D40BF92595BBEF5AAF19B";"0.0397";"TO";"Nova Rosalândia";"0.0005";"IRU";"AT";"Aguardando analise"
" TO-1715002-FFCE9A7614AB45E2888C3D478BCB7EBA";"0.9042";"TO";"Nova Rosalândia";"0.0113";"IRU";"AT";"Aguardando analise"
" TO-1715002-C443CD900BD14FD6B10ED74697320F2A";"67.8564";"TO";"Nova Rosalândia";"0.8482";"IRU";"AT";"Aguardando análise"
" TO-1715002-24AB73A083004F1AB6F720E30384055A";"147.3527";"TO";"Nova Rosalândia";"1.8419";"IRU";"AT";"Aguardando analise"
" TO-1715002-7A525D96B8DF4342829066416A580747";"13.9128";"TO";"Nova Rosalândia";"0.1739";"IRU";"AT";"Aguardando análise"
" TO-1715002-2BB91C81FD2C4F7E85313B9A2BAA4462";"27.3158";"TO";"Nova Rosalândia";"0.3414";"IRU";"AT";"Aguardando análise"
" TO-1715002-7687102993E74C79A7A8B2CB18A122B1";"48.7499";"TO";"Nova Rosalândia";"0.6094";"IRU";"AT";"Aguardando análise"
" TO-1715002-17CD2581D80640258FEF569140D65475";"0.9065";"TO";"Nova Rosalândia";"0.0113";"IRU";"AT";"Aguardando analise"
" TO-1715002-BA7FC0AE888740E0B8BD4840D8BC965A";"14.6425";"TO";"Nova Rosalândia";"0.1830";"IRU";"AT";"Aguardando analise"
" TO-1715002-7BA2D8840E024A7682B66CE114E46B3C";"406.7109";"TO";"Nova Rosalândia";"5.0839";"IRU";"AT";"Aguardando analise"
" TO-1715002-924C34DF1AD24F12A0180D95556EC4EB";"37.1240";"TO";"Nova Rosalândia";"0.4641";"IRU";"AT";"Aguardando analise"
" TO-1715002-E0261D1DA60D48179AF21F9B2B3EB506";"690.3307";"TO";"Nova Rosalândia";"8.6292";"IRU";"AT";"Aguardando analise"
" TO-1715002-410A1BD0EEF543148ADF2725FDDB187E";"497.4325";"TO";"Nova Rosalândia";"6.2179";"IRU";"AT";"Aguardando analise"
" TO-1715002-EEA28B74881040E4B4EB091111F41732";"7.7896";"TO";"Nova Rosalândia";"0.0974";"IRU";"AT";"Aguardando analise"
" TO-1715002-B50E82EB388643F9A9E8493E6AC7514F";"15.4157";"TO";"Nova Rosalândia";"0.1927";"IRU";"AT";"Aguardando análise"
" TO-1715002-16C0FE79B76F43CAA43B70403B366CA0";"252.6755";"TO";"Nova Rosalândia";"3.1584";"IRU";"AT";"Aguardando análise"
" TO-1715002-E9C6849614E94EFBB0CED98805E1FFFD";"7.5332";"TO";"Nova Rosalândia";"0.0942";"IRU";"AT";"Aguardando analise"
" TO-1715002-43944E6EF749463E956A620BD4C68002";"19.8240";"TO";"Nova Rosalândia";"0.2478";"IRU";"AT";"Aguardando análise"
" TO-1715002-09309630001C4C5DA1274AA930727C93";"10.9030";"TO";"Nova Rosalândia";"0.1363";"IRU";"CA";"CANCELADO_POR_DECISAO_ADMINISTRATIVA"
" TO-1715002-912BE10DC13D40BDB1652A1CDB4BF648";"189.2984";"TO";"Nova Rosalândia";"2.3662";"IRU";"AT";"Aguardando análise"
" TO-1715002-4FF9F93872474464A7325D2C93B0842F";"15.8461";"TO";"Nova Rosalândia";"0.1981";"IRU";"AT";"Aguardando análise"
" TO-1715002-54FC70F48F7C4224A65E278089E67E8E";"48.2951";"TO";"Nova Rosalândia";"0.6037";"IRU";"AT";"Aguardando análise"
" TO-1715002-3EC7683DB5C844298E78E27836B32F3A";"15.0663";"TO";"Nova Rosalândia";"0.1883";"IRU";"AT";"Aguardando analise"
" TO-1715002-795D097B1B6D46BE9098C83B29846B44";"3.7666";"TO";"Nova Rosalândia";"0.0471";"IRU";"AT";"Aguardando analise"
" TO-1715002-C4B292E60C5A49BF805158FD44D0BA07";"3.7664";"TO";"Nova Rosalândia";"0.0471";"IRU";"AT";"Aguardando analise"
" TO-1715002-EB0BFACCFE3D4E94AB888AA9CE5AEF6C";"0.1002";"TO";"Nova Rosalândia";"0.0013";"IRU";"AT";"Aguardando analise"
" TO-1715002-30DE15514B8F4103B03E540417957A4C";"0.1771";"TO";"Nova Rosalândia";"0.0022";"IRU";"AT";"Aguardando analise"
" TO-1715002-CFBE0B92B3804A3B994A676B1E814AC0";"14.1197";"TO";"Nova Rosalândia";"0.1765";"IRU";"AT";"Aguardando analise"
" TO-1715002-64868A6D77EB46BBA86EF26B28DC82D9";"86.8620";"TO";"Nova Rosalândia";"1.0858";"IRU";"AT";"Aguardando analise"
" TO-1715002-0AE7A24528E94BBF913EDAA62FA9911E";"12.7736";"TO";"Nova Rosalândia";"0.1597";"IRU";"AT";"Aguardando analise"
" TO-1715002-6AA1C35C62184EBAADDDF7739F9E6CA0";"233.9758";"TO";"Nova Rosalândia";"2.9247";"IRU";"AT";"Aguardando analise"
" TO-1715002-D249661A0F8A4CA8A2FDFAA70BBC25AE";"9.9452";"TO";"Nova Rosalândia";"0.1243";"IRU";"AT";"Aguardando analise"
" TO-1715002-80BE666AC0A94D8D937648523D06ED50";"70.6969";"TO";"Nova Rosalândia";"0.8837";"IRU";"AT";"Aguardando analise"
" TO-1715002-44FA58DD9F27480F92F252C971CF461C";"10.5538";"TO";"Nova Rosalândia";"0.1319";"IRU";"AT";"Aguardando análise"
" TO-1715002-C136C339C1FA4787AC27D2119A91CD5F";"246.9000";"TO";"Nova Rosalândia";"3.0863";"IRU";"AT";"Aguardando análise"
" TO-1715002-FAB777442EC6499CA275CBA4AD7A9F24";"58.7982";"TO";"Nova Rosalândia";"0.7350";"IRU";"AT";"Aguardando análise"
" TO-1715002-367A047BA2454B07B6384C7B1516F0C8";"9.5408";"TO";"Nova Rosalândia";"0.1193";"IRU";"AT";"Aguardando análise"
" TO-1715002-C32F343DF597455EA63AD5B58E5B427F";"39.3686";"TO";"Nova Rosalândia";"0.4921";"IRU";"AT";"Aguardando análise"
" TO-1715002-2EF3D978932C4C66894BA4C79B95848E";"185.9968";"TO";"Nova Rosalândia";"2.3250";"IRU";"AT";"Aguardando análise"
" TO-1715002-8DF322B811A54D849C89E85E10DED238";"92.3810";"TO";"Nova Rosalândia";"1.1548";"IRU";"AT";"Aguardando análise"
" TO-1715002-76A281EA07A74003B72C09B63453AD92";"44.5277";"TO";"Nova Rosalândia";"0.5566";"IRU";"AT";"Aguardando analise"
" TO-1715002-7AB1E7B0498745A9AF4AD50D16FB91DF";"4.9563";"TO";"Nova Rosalândia";"0.0620";"IRU";"AT";"Aguardando análise"
" TO-1715002-44BC5CBB5D544E2F8E58102DDDA92204";"327.9104";"TO";"Nova Rosalândia";"4.0989";"IRU";"AT";"Aguardando análise"
" TO-1715002-06D3A82492E9487EBC54A364D9EBD0DC";"131.3155";"TO";"Nova Rosalândia";"1.6414";"IRU";"AT";"Aguardando análise"
" TO-1715002-E0A31BA80E6C4BDD9E22122E81ECF445";"2.4067";"TO";"Nova Rosalândia";"0.0301";"IRU";"AT";"Aguardando analise"
" TO-1715002-8087C00D52894E63A597D040AD712866";"39.0994";"TO";"Nova Rosalândia";"0.4887";"IRU";"AT";"Aguardando analise"
" TO-1715002-507A1D1E6E8641008853D8A9D51EBA6F";"24.4354";"TO";"Nova Rosalândia";"0.3054";"IRU";"AT";"Aguardando analise"
" TO-1715002-592E7D61C62940838C5A93B9030A2DFF";"0.3130";"TO";"Nova Rosalândia";"0.0039";"IRU";"AT";"Aguardando analise"
" TO-1715002-21A3C7D339D34E429528AB3B84CCB2FC";"171.4513";"TO";"Nova Rosalândia";"2.1431";"IRU";"AT";"Aguardando analise"
" TO-1715002-5D4E3030EEB74D9A894371D79D5EEEED";"62.9839";"TO";"Nova Rosalândia";"0.7873";"IRU";"AT";"Aguardando análise"
" TO-1715002-BC9482C2907A404281559DFA0490CE27";"25.3053";"TO";"Nova Rosalândia";"0.3163";"IRU";"AT";"Aguardando análise"
" TO-1715002-79D5A2BD04614B98AF38B0C83FBC41E4";"34.4562";"TO";"Nova Rosalândia";"0.4307";"IRU";"AT";"Aguardando análise"
" TO-1715002-0FDEC13C9052467AB8BF104720A3199B";"191.7355";"TO";"Nova Rosalândia";"2.3967";"IRU";"AT";"Aguardando analise"
" TO-1715002-B32D96D5D7E244C99140CE0E7BA6EE0D";"6.0530";"TO";"Nova Rosalândia";"0.0757";"IRU";"AT";"Aguardando analise"
" TO-1715002-7E209CEAE24B42AB9C6845816C4CCD25";"65.1642";"TO";"Nova Rosalândia";"0.8146";"IRU";"AT";"Aguardando analise"
" TO-1715002-D33B42C28EE54021AF00AE0EFB2F2D35";"200.5335";"TO";"Nova Rosalândia";"2.5067";"IRU";"AT";"Aguardando analise"
" TO-1715002-3D22C65D8DC14158A1FB122B1B7B8017";"12.6871";"TO";"Nova Rosalândia";"0.1586";"IRU";"AT";"Aguardando analise"
" TO-1715002-D2BDA4BC6D0D420C8F353EC454A024CC";"547.1746";"TO";"Nova Rosalândia";"6.8397";"IRU";"AT";"Aguardando analise"
" TO-1715002-5D3988CC35EF4A87A439C33B1AA37540";"146.3136";"TO";"Nova Rosalândia";"1.8289";"IRU";"CA";"CANCELADO_POR_DECISAO_ADMINISTRATIVA"
" TO-1715002-15E28702E7D342A0AFA0B6498D29A530";"29.9903";"TO";"Nova Rosalândia";"0.3749";"IRU";"CA";"CANCELADO_POR_DECISAO_ADMINISTRATIVA"
" TO-1715002-AF937BB7FA334B31A018B8164CC7CBE7";"104.3270";"TO";"Nova Rosalândia";"1.3041";"IRU";"AT";"Aguardando analise"
" TO-1715002-810719B860E24F48A099B95A4E0EEEA0";"181.1965";"TO";"Nova Rosalândia";"2.2650";"IRU";"AT";"Aguardando analise"
" TO-1715002-591A6743D32B44F6B8BDC02888B76649";"21.1776";"TO";"Nova Rosalândia";"0.2647";"IRU";"AT";"Aguardando analise"
" TO-1715002-6B8903EEC4344E56A943466716DF91AD";"4.8417";"TO";"Nova Rosalândia";"0.0605";"IRU";"AT";"Aguardando analise"
" TO-1715002-69C492A5C3044F3ABA857E2500395D80";"0.1339";"TO";"Nova Rosalândia";"0.0017";"IRU";"AT";"Aguardando analise"
" TO-1715002-043BDD257BC04A28A90FA266FA953D86";"35.5115";"TO";"Nova Rosalândia";"0.4439";"IRU";"AT";"Aguardando analise"
" TO-1715002-CE54E48D45114544B8A3DEEAD77E9B52";"96.3225";"TO";"Nova Rosalândia";"1.2040";"IRU";"AT";"Aguardando analise"
" TO-1715002-168823685D094AE4B125E2E728024764";"23.9158";"TO";"Nova Rosalândia";"0.2989";"IRU";"AT";"Aguardando analise"
" TO-1715002-19EB7E3BC0EE4228BD12EABA676771F4";"448.7709";"TO";"Nova Rosalândia";"5.6096";"IRU";"AT";"Aguardando analise"
" TO-1715002-F532132A578E4211A0262EC6E8118F17";"192.2364";"TO";"Nova Rosalândia";"2.4030";"IRU";"CA";"CANCELADO_POR_DECISAO_ADMINISTRATIVA"
" TO-1715002-FF7DFDE6AC8F47CF92E92F45463C01D6";"448.7709";"TO";"Nova Rosalândia";"5.6096";"IRU";"CA";"CANCELADO_POR_DECISAO_ADMINISTRATIVA"
" TO-1715002-8C7DE7E17C914DE78DD0F119985B8537";"347.5541";"TO";"Nova Rosalândia";"4.3444";"IRU";"CA";"CANCELADO_POR_DECISAO_ADMINISTRATIVA"
" TO-1715002-7BD5508CDBE746D78C7AE73D32EC2045";"12.3797";"TO";"Nova Rosalândia";"0.1547";"IRU";"CA";"CANCELADO_POR_DECISAO_ADMINISTRATIVA"
" TO-1715002-212B585839C840E6815ABBD48778D2D6";"66.9741";"TO";"Nova Rosalândia";"0.8372";"IRU";"AT";"Aguardando analise"
" TO-1715002-8E3B2EB31B7B49BF8591AF88295C456F";"315.0859";"TO";"Nova Rosalândia";"3.9386";"IRU";"AT";"Aguardando analise"
" TO-1715002-14FB652DAA1F4183B7C039ABD17C9C5A";"140.7369";"TO";"Nova Rosalândia";"1.7592";"IRU";"AT";"Aguardando analise"
" TO-1715002-9834AD3C2A0243F0A1B47FFEDCF12D76";"248.8608";"TO";"Nova Rosalândia";"3.1108";"IRU";"AT";"Aguardando análise, não passível de revisão de dados"
" TO-1715002-134DC6D774F54109A4FE87DF229A699B";"170.1874";"TO";"Nova Rosalândia";"2.1273";"IRU";"AT";"Aguardando analise"
" TO-1715002-5A32D0A6DF974F85AFAC0C6DAFCC5893";"4.6334";"TO";"Nova Rosalândia";"0.0579";"IRU";"AT";"Aguardando analise"
" TO-1715002-6B039D0DB8AF45DCB042019C009F92EE";"962.1858";"TO";"Nova Rosalândia";"12.0273";"IRU";"AT";"Aguardando analise"
" TO-1715002-4208317280F7401DA67B4D3DF3E0E6BE";"420.3933";"TO";"Nova Rosalândia";"5.2549";"IRU";"AT";"Aguardando analise"
" TO-1715002-EDB9DE23D0524CBEA3B57714B0030231";"4.0075";"TO";"Nova Rosalândia";"0.0501";"IRU";"AT";"Aguardando analise"
" TO-1715002-D0151DEB9CFD4EB1B7D227BA75E53F3B";"0.9348";"TO";"Nova Rosalândia";"0.0117";"IRU";"AT";"Aguardando analise"
" TO-1715002-26416A2F0F4D4DF4A998D632067D4226";"178.8614";"TO";"Nova Rosalândia";"2.2358";"IRU";"AT";"Aguardando analise"
" TO-1715002-E0C5D18F400C44A087C5DBCF7333CCDA";"133.5292";"TO";"Nova Rosalândia";"1.6691";"IRU";"CA";"CANCELADO_POR_DECISAO_ADMINISTRATIVA"
" TO-1715002-A2D6142873AA4EC084D4F0B5E5B41019";"247.8415";"TO";"Nova Rosalândia";"3.0980";"IRU";"AT";"Aguardando analise"
" TO-1715002-09AFE43F549746619C38E34A9E81CEA4";"5.5691";"TO";"Nova Rosalândia";"0.0696";"IRU";"AT";"Aguardando analise"
" TO-1715002-FD8C652F974D48CC949207AF2498F131";"3.6760";"TO";"Nova Rosalândia";"0.0460";"IRU";"AT";"Aguardando analise"
" TO-1715002-DF35471478C84BA3A62EC709BFAC93EB";"226.2568";"TO";"Nova Rosalândia";"2.8282";"IRU";"AT";"Aguardando analise"
" TO-1715002-989623516DEF410AB1C29C89D7072D5C";"488.2133";"TO";"Nova Rosalândia";"6.1026";"IRU";"AT";"Aguardando analise"
" TO-1715002-FC96231A7C9F490F971FE8E1F6691C6E";"130.7530";"TO";"Nova Rosalândia";"1.6344";"IRU";"AT";"Aguardando analise"
" TO-1715002-1F94A677B5734E6993C8E5303F8F8332";"125.7565";"TO";"Nova Rosalândia";"1.5720";"IRU";"AT";"Aguardando analise"
" TO-1715002-9290153C955040938D80CC95964A385F";"68.1336";"TO";"Nova Rosalândia";"0.8517";"IRU";"AT";"Aguardando analise"
" TO-1715002-A76B5C01FA7B4E5386341A79F1FE8A25";"28.4129";"TO";"Nova Rosalândia";"0.3552";"IRU";"AT";"Aguardando analise"
" TO-1715002-2311F9FC7E744EAC9C6A6961504FF190";"22.5608";"TO";"Nova Rosalândia";"0.2821";"IRU";"AT";"Aguardando análise, não passível de revisão de dados"
" TO-1715002-BF5A3A06FD164149960EC83E9DC78658";"515.2485";"TO";"Nova Rosalândia";"6.4406";"IRU";"AT";"Aguardando analise"
" TO-1715002-668C7F273A834C87AEB6EAFA86DD8BBF";"59.3576";"TO";"Nova Rosalândia";"0.7420";"IRU";"AT";"Aguardando analise"
" TO-1715002-B4A85A9EC7A44138AF0F9F345E4FA820";"266.7021";"TO";"Nova Rosalândia";"3.3338";"IRU";"AT";"Aguardando analise"
" TO-1715002-75C81C0131D747F6BA914074C43F66EA";"9.5214";"TO";"Nova Rosalândia";"0.1190";"IRU";"AT";"Aguardando analise"
" TO-1715002-333DD65211B64EDD8D5C22D9548F7B93";"14.2486";"TO";"Nova Rosalândia";"0.1781";"IRU";"AT";"Aguardando analise"
" TO-1715002-2B2E127F7601414BAA085A053611B032";"953.5820";"TO";"Nova Rosalândia";"11.9197";"IRU";"AT";"Aguardando analise"
" TO-1715002-352B5C4C14044BC0A6FEC7BE929CA4E8";"192.0911";"TO";"Nova Rosalândia";"2.4011";"IRU";"AT";"Aguardando analise"
" TO-1715002-E44A2F4A4300437EA43CDC3FE68E8766";"84.2464";"TO";"Nova Rosalândia";"1.0531";"IRU";"AT";"Aguardando analise"
" TO-1715002-DA226ABE77E5498BBDBEF7DCC63D9EC0";"80.8813";"TO";"Nova Rosalândia";"1.0110";"IRU";"AT";"Aguardando analise"
" TO-1715002-7463071F8B7D44E3869D5B3CE627F931";"377.0077";"TO";"Nova Rosalândia";"4.7126";"IRU";"AT";"Aguardando analise"
" TO-1715002-D2B08AF1881E406D9D3491846DC5D76E";"191.0874";"TO";"Nova Rosalândia";"2.3886";"IRU";"AT";"Aguardando analise"
" TO-1715002-91D3DF4EF79F4951B9C24A965FE932E3";"604.8154";"TO";"Nova Rosalândia";"7.5602";"IRU";"AT";"Aguardando analise"
" TO-1715002-975D114AEED64402A9D2D8F1760171F3";"210.3896";"TO";"Nova Rosalândia";"2.6299";"IRU";"AT";"Aguardando análise, não passível de revisão de dados"
" TO-1715002-38A948918EE24EE49510B66A120191BE";"17.1474";"TO";"Nova Rosalândia";"0.2143";"IRU";"AT";"Aguardando analise"
" TO-1715002-4628E52BCDFE43BE89C1B93FD8CC4FD1";"32.1834";"TO";"Nova Rosalândia";"0.4023";"IRU";"AT";"Aguardando analise"
" TO-1715002-4EAB81A9082E40B59AFED4313448F95B";"158.6769";"TO";"Nova Rosalândia";"1.9835";"IRU";"AT";"Aguardando analise"
" TO-1715002-A1A99FBE947143FCA728E84DE96C044D";"182.3430";"TO";"Nova Rosalândia";"2.2793";"IRU";"AT";"Aguardando analise"
" TO-1715002-2C0FCACECD144739B5FEB7E48F42BF44";"12.5924";"TO";"Nova Rosalândia";"0.1574";"IRU";"AT";"Aguardando analise"
" TO-1715002-03A94D0296F348409BA466CC74A37C4A";"73.6297";"TO";"Nova Rosalândia";"0.9204";"IRU";"AT";"Aguardando analise"
" TO-1715002-D0A5685E1556483AB59A8E1E28B5C4D7";"194.5955";"TO";"Nova Rosalândia";"2.4324";"IRU";"AT";"Aguardando analise"
" TO-1715002-933A461035824080A7259781CF87DB00";"44.1902";"TO";"Nova Rosalândia";"0.5524";"IRU";"AT";"Aguardando analise"
" TO-1715002-147353D539824C1AAC887A9799EF6C1D";"41.7481";"TO";"Nova Rosalândia";"0.5219";"IRU";"AT";"Aguardando analise"
" TO-1715002-9FD702B9C0E447C3AAB4B408FD3C4B65";"87.3690";"TO";"Nova Rosalândia";"1.0921";"IRU";"AT";"Aguardando analise"
" TO-1715002-DF6F8722BC644989A1BBA7BEA73BAC25";"1536.1958";"TO";"Nova Rosalândia";"19.2025";"IRU";"AT";"Aguardando analise"
" TO-1715002-E148052C2C284D1B9ADE5D0469A11049";"212.9294";"TO";"Nova Rosalândia";"2.6616";"IRU";"AT";"Aguardando analise"
" TO-1715002-99D178EA5265471FA5F24A4024C1D7E6";"37.6530";"TO";"Nova Rosalândia";"0.4707";"IRU";"AT";"Aguardando analise"
" TO-1715002-D0415F277C3342E8B38F5BA8A07D9AE7";"2437.6008";"TO";"Nova Rosalândia";"30.4700";"IRU";"AT";"Aguardando analise"
" TO-1715002-646ACB2FD2D647049BA044FAD298109B";"55.5975";"TO";"Nova Rosalândia";"0.6950";"IRU";"AT";"Aguardando analise"
" TO-1715002-36E7309F9F5E49668441EB761A91C1B6";"463.3142";"TO";"Nova Rosalândia";"5.7914";"IRU";"AT";"Aguardando análise, não passível de revisão de dados"
" TO-1715002-23495C75D6F448198E2DF08371CA8B8D";"1563.7656";"TO";"Nova Rosalândia";"19.5471";"IRU";"AT";"Aguardando análise, não passível de revisão de dados"
" TO-1715002-D19257D2089F4B578F39D4670E5C64B4";"7.2608";"TO";"Nova Rosalândia";"0.0908";"IRU";"AT";"Aguardando análise, não passível de revisão de dados"
" TO-1715002-55F3A87264BF493DA1BFEEFA848AB4EF";"6.0423";"TO";"Nova Rosalândia";"0.0755";"IRU";"AT";"Aguardando análise, não passível de revisão de dados"
" TO-1715002-87650B6128724F129F752C190C9BAE76";"994.0395";"TO";"Nova Rosalândia";"12.4255";"IRU";"AT";"Aguardando análise, não passível de revisão de dados"
" TO-1715002-E0B95A07C48F4313B5271E968ACFF872";"29.0879";"TO";"Nova Rosalândia";"0.3636";"IRU";"AT";"Aguardando análise, não passível de revisão de dados"
" TO-1715002-D6B69A3B42F947A1B2B1A156F1B8E799";"29.1619";"TO";"Nova Rosalândia";"0.3645";"IRU";"AT";"Aguardando análise, não passível de revisão de dados"
" TO-1715002-E35579D873BF41489B2D86DEA1D57A20";"15.5916";"TO";"Nova Rosalândia";"0.1949";"IRU";"AT";"Aguardando análise, não passível de revisão de dados"
" TO-1715002-E4B55A39EDFC40DDA84AE9B48C8A054F";"526.7138";"TO";"Nova Rosalândia";"6.5839";"IRU";"AT";"Aguardando análise, não passível de revisão de dados"
" TO-1715002-A5776EBBB9A34A2699A3D1508159B4BC";"85.8623";"TO";"Nova Rosalândia";"1.0733";"IRU";"AT";"Aguardando análise, não passível de revisão de dados"
" TO-1715002-3ADAC99BEE2148968AB2548FE9C94FD2";"0.9056";"TO";"Nova Rosalândia";"0.0113";"IRU";"AT";"Aguardando análise, não passível de revisão de dados"
" TO-1715002-200418460D0D4D1A88B927E14BD9ED73";"883.9471";"TO";"Nova Rosalândia";"11.0493";"IRU";"AT";"Aguardando análise, não passível de revisão de dados"
" TO-1715002-6DECD75365EF4E6C9FE40B5EB57DB890";"86.4146";"TO";"Nova Rosalândia";"1.0802";"IRU";"AT";"Aguardando análise, não passível de revisão de dados"
" TO-1715002-1044056811164D9A81C81A95CE633726";"1135.9101";"TO";"Nova Rosalândia";"14.1989";"IRU";"AT";"Aguardando análise, não passível de revisão de dados"
" TO-1715002-FD75960451034BE1930DFED7843B5955";"281.8245";"TO";"Nova Rosalândia";"3.5228";"IRU";"AT";"Aguardando análise, não passível de revisão de dados"
" TO-1715002-DA89183000A04397A0E712D3D428273E";"1569.6527";"TO";"Nova Rosalândia";"19.6207";"IRU";"AT";"Aguardando análise, não passível de revisão de dados"
" TO-1715002-A0F6B29961F1424E9243F9D9528A2DB1";"8120.8118";"TO";"Nova Rosalândia";"0.6115";"AST";"AT";"Aguardando análise, não passível de revisão de dados"
